Date,Amount
2020/2/2,60
2020/2/1,60
2020/1/31,72
2020/1/30,60
2020/1/29,60
2020/1/28,60
2020/1/27,60
2020/1/26,
2020/1/25,60
2020/1/24,128
2020/1/23,
2020/1/22,
2020/1/21,
2020/1/20,20
2020/1/19,96
2020/1/18,60
2020/1/17,60
2020/1/16,60
2020/1/15,60
2020/1/14,60
2020/1/13,54
2020/1/12,60
2020/1/11,
2020/1/10,
2020/1/9,42
2020/1/8,60
2020/1/7,60
2020/1/6,60
2020/1/5,60
2020/1/4,60
2020/1/3,
2020/1/2,60
2020/1/1,60
2019/12/31,60
2019/12/30,60
2019/12/29,60
2019/12/28,60
2019/12/27,60
2019/12/26,60
2019/12/25,60
2019/12/24,60
2019/12/23,60
2019/12/22,60
2019/12/21,60
2019/12/20,60
2019/12/19,60
2019/12/18,60
2019/12/17,60
2019/12/16,60
2019/12/15,60
2019/12/14,60
2019/12/13,
2019/12/12,60
2019/12/11,60
2019/12/10,60
2019/12/9,60
2019/12/8,60
2019/12/7,60
2019/12/6,60
2019/12/5,60
2019/12/4,60
2019/12/3,60
2019/12/2,60
2019/12/1,60
2019/11/30,60
2019/11/29,60
2019/11/28,60
2019/11/27,60
2019/11/26,60
2019/11/25,60
2019/11/24,60
2019/11/23,60
2019/11/22,60
2019/11/21,60
2019/11/20,60
2019/11/19,60
2019/11/18,
2019/11/17,60
2019/11/16,60
2019/11/15,60
2019/11/14,60
2019/11/13,60
2019/11/12,60
2019/11/11,60
2019/11/10,
2019/11/9,60
2019/11/8,
2019/11/7,60
2019/11/6,
2019/11/5,60
2019/11/4,60
2019/11/3,60
2019/11/2,60
2019/11/1,60
2019/10/31,60
2019/10/30,60
2019/10/29,60
2019/10/28,60
2019/10/27,60
2019/10/26,
2019/10/25,60
2019/10/24,60
2019/10/23,60
2019/10/22,60
2019/10/21,
2019/10/20,60
2019/10/19,
2019/10/18,50
2019/10/17,
2019/10/16,
2019/10/15,
2019/10/14,60
2019/10/13,47
2019/10/12,60
2019/10/11,64
2019/10/10,
2019/10/9,60
2019/10/8,63
2019/10/7,60
2019/10/6,60
2019/10/5,60
2019/10/4,60
2019/10/3,60
2019/10/2,60
2019/10/1,64
2019/9/30,58
2019/9/29,
2019/9/28,60
2019/9/27,56
2019/9/26,
2019/9/25,29
2019/9/24,
2019/9/23,
2019/9/22,56
2019/9/21,50
2019/9/20,
2019/9/19,65
2019/9/18,56
2019/9/17,
2019/9/16,54
2019/9/15,
2019/9/14,
2019/9/13,67
2019/9/12,56
2019/9/11,
2019/9/10,59
2019/9/9,
2019/9/8,59
2019/9/7,60
2019/9/6,64
2019/9/5,61
2019/9/4,64
2019/9/3,50
2019/9/2,
2019/9/1,52
2019/8/31,56
2019/8/30,17
2019/8/29,
2019/8/28,
2019/8/27,55
2019/8/26,66
2019/8/25,42
2019/8/24,
2019/8/23,
2019/8/22,52
2019/8/21,
2019/8/20,47
2019/8/19,
2019/8/18,51
2019/8/17,
2019/8/16,45
2019/8/15,61
2019/8/14,
2019/8/13,46
2019/8/12,
2019/8/11,
2019/8/10,39
2019/8/9,26
2019/8/8,58
2019/8/7,58
2019/8/6,
2019/8/5,
2019/8/4,60
2019/8/3,
2019/8/2,18
2019/8/1,
2019/7/31,
2019/7/30,43
2019/7/29,
2019/7/28,47
2019/7/27,51
2019/7/26,
2019/7/25,60
2019/7/24,60
2019/7/23,46
2019/7/22,33
2019/7/21,68
2019/7/20,48
2019/7/19,29
2019/7/18,
2019/7/17,29
2019/7/16,34
2019/7/15,38
2019/7/14,
2019/7/13,
2019/7/12,
2019/7/11,
2019/7/10,
2019/7/9,
2019/7/8,
2019/7/7,
2019/7/6,
2019/7/5,
2019/7/4,57
2019/7/3,
2019/7/2,48
2019/7/1,
2019/6/30,60
2019/6/29,60
2019/6/28,24
2019/6/27,32
2019/6/26,28
2019/6/25,60
2019/6/24,
2019/6/23,60
2019/6/22,60
2019/6/21,49
2019/6/20,
2019/6/19,37
2019/6/18,51
2019/6/17,
2019/6/16,47
2019/6/15,47
2019/6/14,42
2019/6/13,
2019/6/12,44
2019/6/11,
2019/6/10,
2019/6/9,46
2019/6/8,53
2019/6/7,50
2019/6/6,
2019/6/5,
2019/6/4,28
2019/6/3,60
2019/6/2,54
2019/6/1,60
2019/5/31,
2019/5/30,
2019/5/29,
2019/5/28,24
2019/5/27,50
2019/5/26,
2019/5/25,
2019/5/24,
2019/5/23,
2019/5/22,51
2019/5/21,45
2019/5/20,45
2019/5/19,60
2019/5/18,60
2019/5/17,50
2019/5/16,56
2019/5/15,50
2019/5/14,61
2019/5/13,42
2019/5/12,60
2019/5/11,35
2019/5/10,47
2019/5/9,23
2019/5/8,44
2019/5/7,33
2019/5/6,
2019/5/5,60
2019/5/4,60
2019/5/3,47
2019/5/2,21
2019/5/1,
2019/4/30,
2019/4/29,
2019/4/28,
2019/4/27,26
2019/4/26,15
2019/4/25,
2019/4/24,50
2019/4/23,42
2019/4/22,
2019/4/21,28
2019/4/20,
2019/4/19,
2019/4/18,
2019/4/17,60
2019/4/16,60
2019/4/15,
2019/4/14,36
2019/4/13,60
2019/4/12,45
2019/4/11,34
2019/4/10,41
2019/4/9,39
2019/4/8,
2019/4/7,38
2019/4/6,60
2019/4/5,77
2019/4/4,60
2019/4/3,39
2019/4/2,36
2019/4/1,
2019/3/31,49
2019/3/30,27
2019/3/29,
2019/3/28,27
2019/3/27,
2019/3/26,48
2019/3/25,28
2019/3/24,
2019/3/23,60
2019/3/22,
2019/3/21,48
2019/3/20,
2019/3/19,45
2019/3/18,53
2019/3/17,60
2019/3/16,50
2019/3/15,45
2019/3/14,47
2019/3/13,48
2019/3/12,58
2019/3/11,48
2019/3/10,60
2019/3/9,60
2019/3/8,
2019/3/7,
2019/3/6,38
2019/3/5,54
2019/3/4,33
2019/3/3,60
2019/3/2,60
2019/3/1,60
2019/2/28,60
2019/2/27,16
2019/2/26,
2019/2/25,18
2019/2/24,60
2019/2/23,51
2019/2/22,26
2019/2/21,46
2019/2/20,21
2019/2/19,43
2019/2/18,34
2019/2/17,
2019/2/16,
2019/2/15,
2019/2/14,38
2019/2/13,42
2019/2/12,34
2019/2/11,36
2019/2/10,
2019/2/9,
2019/2/8,55
2019/2/7,15
2019/2/6,60
2019/2/5,
2019/2/4,
2019/2/3,
2019/2/2,
2019/2/1,
2019/1/31,
2019/1/30,22
2019/1/29,34
2019/1/28,29
2019/1/27,
2019/1/26,60
2019/1/25,
2019/1/24,33
2019/1/23,
2019/1/22,40
2019/1/21,17
2019/1/20,55
2019/1/19,60
2019/1/18,
2019/1/17,37
2019/1/16,32
2019/1/15,39
2019/1/14,
2019/1/13,43
2019/1/12,60
2019/1/11,
2019/1/10,30
2019/1/9,29
2019/1/8,33
2019/1/7,30
2019/1/6,49
2019/1/5,33
2019/1/4,
2019/1/3,62
2019/1/2,
2019/1/1,29
2018/12/31,43
2018/12/30,54
2018/12/29,
2018/12/28,57
2018/12/27,42
2018/12/26,32
2018/12/25,35
2018/12/24,
2018/12/23,38
2018/12/22,38
2018/12/21,56
2018/12/20,60
2018/12/19,58
2018/12/18,
2018/12/17,32
2018/12/16,35
2018/12/15,
2018/12/14,36
2018/12/13,50
2018/12/12,45
2018/12/11,51
2018/12/10,34
2018/12/9,52
2018/12/8,40
2018/12/7,29
2018/12/6,
2018/12/5,
2018/12/4,25
2018/12/3,47
2018/12/2,56
2018/12/1,40
2018/11/30,
2018/11/29,
2018/11/28,36
2018/11/27,
2018/11/26,38
2018/11/25,37
2018/11/24,
2018/11/23,
2018/11/22,
2018/11/21,27
2018/11/20,27
2018/11/19,
2018/11/18,48
2018/11/17,29
2018/11/16,35
2018/11/15,46
2018/11/14,35
2018/11/13,
2018/11/12,
2018/11/11,50
2018/11/10,39
2018/11/9,
2018/11/8,
2018/11/7,88
2018/11/6,
2018/11/5,
2018/11/4,
2018/11/3,79
2018/11/2,
2018/11/1,62
2018/10/31,56
2018/10/30,49
2018/10/29,38
2018/10/28,41
2018/10/27,37
2018/10/26,42
2018/10/25,41
2018/10/24,52
2018/10/23,40
2018/10/22,40
2018/10/21,42
2018/10/20,42
2018/10/19,
2018/10/18,35
2018/10/17,41
2018/10/16,43
2018/10/15,41
2018/10/14,51
2018/10/13,
2018/10/12,
2018/10/11,
2018/10/10,
2018/10/9,
2018/10/8,37
2018/10/7,38
2018/10/6,
2018/10/5,33
2018/10/4,
2018/10/3,22
2018/10/2,16
2018/10/1,39
2018/9/30,27
2018/9/29,38
2018/9/28,18
2018/9/27,15
2018/9/26,30
2018/9/25,56
2018/9/24,36
2018/9/23,25
2018/9/22,20
2018/9/21,
2018/9/20,48
2018/9/19,
2018/9/18,34
2018/9/17,
2018/9/16,27
2018/9/15,29
2018/9/14,29
2018/9/13,
2018/9/12,38
2018/9/11,33
2018/9/10,32
2018/9/9,49
2018/9/8,
2018/9/7,
2018/9/6,
2018/9/5,
2018/9/4,37
2018/9/3,
2018/9/2,28
2018/9/1,33
2018/8/31,45
2018/8/30,
2018/8/29,
2018/8/28,
2018/8/27,45
2018/8/26,29
2018/8/25,20
2018/8/24,
2018/8/23,36
2018/8/22,29
2018/8/21,31
2018/8/20,29
2018/8/19,26
2018/8/18,6
2018/8/17,
2018/8/16,
2018/8/15,
2018/8/14,
2018/8/13,
2018/8/12,
2018/8/11,
2018/8/10,
2018/8/9,28
2018/8/8,68
2018/8/7,52
2018/8/6,52
2018/8/5,53
2018/8/4,40
2018/8/3,67
2018/8/2,60
2018/8/1,68
2018/7/31,50
2018/7/30,60
2018/7/29,
2018/7/28,
2018/7/27,
2018/7/26,
2018/7/25,
2018/7/24,
2018/7/23,46
2018/7/22,36
2018/7/21,
2018/7/20,41
2018/7/19,42
2018/7/18,
2018/7/17,
2018/7/16,
2018/7/15,53
2018/7/14,
2018/7/13,59
2018/7/12,47
2018/7/11,
2018/7/10,
2018/7/9,
2018/7/8,
2018/7/7,
2018/7/6,
2018/7/5,
2018/7/4,
2018/7/3,
2018/7/2,
2018/7/1,78
2018/6/30,
2018/6/29,
2018/6/28,54
2018/6/27,
2018/6/26,36
2018/6/25,38
2018/6/24,60
2018/6/23,60
2018/6/22,64
2018/6/21,
2018/6/20,60
2018/6/19,
2018/6/18,60
2018/6/17,60
2018/6/16,61
2018/6/15,60
2018/6/14,65
2018/6/13,64
2018/6/12,61
2018/6/11,12
2018/6/10,62
2018/6/9,54
2018/6/8,41
2018/6/7,43
2018/6/6,
2018/6/5,40
2018/6/4,47
2018/6/3,60
2018/6/2,
2018/6/1,
2018/5/31,
2018/5/30,38
2018/5/29,42
2018/5/28,33
2018/5/27,
2018/5/26,51
2018/5/25,62
2018/5/24,56
2018/5/23,60
2018/5/22,21
2018/5/21,39
2018/5/20,
2018/5/19,
2018/5/18,37
2018/5/17,56
2018/5/16,
2018/5/15,59
2018/5/14,
2018/5/13,
2018/5/12,36
2018/5/11,54
2018/5/10,29
2018/5/9,72
2018/5/8,50
2018/5/7,55
2018/5/6,
2018/5/5,
2018/5/4,38
2018/5/3,67
2018/5/2,34
2018/5/1,63
2018/4/30,33
2018/4/29,85
2018/4/28,52
2018/4/27,53
2018/4/26,60
2018/4/25,14
2018/4/24,43
2018/4/23,24
2018/4/22,
2018/4/21,50
2018/4/20,27
2018/4/19,
2018/4/18,36
2018/4/17,
2018/4/16,28
2018/4/15,53
2018/4/14,
2018/4/13,
2018/4/12,
2018/4/11,
2018/4/10,
2018/4/9,
2018/4/8,49
2018/4/7,
2018/4/6,66
2018/4/5,43
2018/4/4,40
2018/4/3,40
2018/4/2,45
2018/4/1,45
2018/3/31,
2018/3/30,33
2018/3/29,40
2018/3/28,45
2018/3/27,50
2018/3/26,45
2018/3/25,48
2018/3/24,40
2018/3/23,49
2018/3/22,37
2018/3/21,54
2018/3/20,48
2018/3/19,44
2018/3/18,39
2018/3/17,
2018/3/16,
2018/3/15,
2018/3/14,42
2018/3/13,39
2018/3/12,49
2018/3/11,48
2018/3/10,40
2018/3/9,
2018/3/8,36
2018/3/7,
2018/3/6,63
2018/3/5,57
2018/3/4,40
2018/3/3,37
2018/3/2,
2018/3/1,
2018/2/28,40
2018/2/27,
2018/2/26,
2018/2/25,
2018/2/24,35
2018/2/23,31
2018/2/22,50
2018/2/21,48
2018/2/20,60
2018/2/19,
2018/2/18,53
2018/2/17,40
2018/2/16,31
2018/2/15,50
2018/2/14,29
2018/2/13,52
2018/2/12,25
2018/2/11,43
2018/2/10,53
2018/2/9,43
2018/2/8,51
2018/2/7,47
2018/2/6,55
2018/2/5,56
2018/2/4,52
2018/2/3,50
2018/2/2,52
2018/2/1,54
2018/1/31,51
2018/1/30,50
2018/1/29,
2018/1/28,
2018/1/27,51
2018/1/26,37
2018/1/25,51
2018/1/24,48
2018/1/23,
2018/1/22,25
2018/1/21,26
2018/1/20,48
2018/1/19,46
2018/1/18,
2018/1/17,42
2018/1/16,
2018/1/15,
2018/1/14,47
2018/1/13,
2018/1/12,
2018/1/11,47
2018/1/10,47
2018/1/9,30
2018/1/8,24
2018/1/7,51
2018/1/6,
2018/1/5,
2018/1/4,
2018/1/3,52
2018/1/2,
2018/1/1,44
2017/12/31,
2017/12/30,45
2017/12/29,
2017/12/28,37
2017/12/27,
2017/12/26,38
2017/12/25,
2017/12/24,
2017/12/23,
2017/12/22,30
2017/12/21,31
2017/12/20,
2017/12/19,
2017/12/18,21
2017/12/17,
2017/12/16,
2017/12/15,47
2017/12/14,
2017/12/13,35
2017/12/12,
2017/12/11,50
2017/12/10,51
2017/12/9,
2017/12/8,
2017/12/7,30
2017/12/6,38
2017/12/5,
2017/12/4,
2017/12/3,51
2017/12/2,
2017/12/1,
2017/11/30,
2017/11/29,54
2017/11/28,
2017/11/27,
2017/11/26,
2017/11/25,
2017/11/24,35
2017/11/23,
2017/11/22,50
2017/11/21,50
2017/11/20,57
2017/11/19,60
2017/11/18,
2017/11/17,
2017/11/16,
2017/11/15,37
2017/11/14,
2017/11/13,
2017/11/12,
2017/11/11,
2017/11/10,
2017/11/9,
2017/11/8,40
2017/11/7,
2017/11/6,30
2017/11/5,
2017/11/4,49
2017/11/3,
2017/11/2,43
2017/11/1,60
2017/10/31,
2017/10/30,47
2017/10/29,40
2017/10/28,31
2017/10/27,40
2017/10/26,48
2017/10/25,50
2017/10/24,50
2017/10/23,50
2017/10/22,58
2017/10/21,32
2017/10/20,70
2017/10/19,47
2017/10/18,70
2017/10/17,70
2017/10/16,70
2017/10/15,70
2017/10/14,70
2017/10/13,70
2017/10/12,70
2017/10/11,70
2017/10/10,70
2017/10/9,70
2017/10/8,60
2017/10/7,60
2017/10/6,60
2017/10/5,60
2017/10/4,65
2017/10/3,60
2017/10/2,60
2017/10/1,60
2017/9/30,45
2017/9/29,60
2017/9/28,60
2017/9/27,60
2017/9/26,39
2017/9/25,60
2017/9/24,200
2017/9/23,200
2017/9/22,
2017/9/21,
2017/9/20,19
2017/9/19,
2017/9/18,20
2017/9/17,32
2017/9/16,
2017/9/15,
2017/9/14,50
2017/9/13,45
2017/9/12,43
2017/9/11,
2017/9/10,
2017/9/9,28
2017/9/8,
2017/9/7,19
2017/9/6,50
2017/9/5,
2017/9/4,44
2017/9/3,33
2017/9/2,
2017/9/1,40
2017/8/31,38
2017/8/30,49
2017/8/29,22
2017/8/28,25
2017/8/27,
2017/8/26,14
2017/8/25,
2017/8/24,26
2017/8/23,38
2017/8/22,23
2017/8/21,
2017/8/20,66
2017/8/19,27
2017/8/18,
2017/8/17,26
2017/8/16,52
2017/8/15,
2017/8/14,
2017/8/13,
2017/8/12,
2017/8/11,37
2017/8/10,
2017/8/9,
2017/8/8,52
2017/8/7,19
2017/8/6,
2017/8/5,65
2017/8/4,
2017/8/3,27
2017/8/2,50
2017/8/1,25
2017/7/31,
2017/7/30,28
2017/7/29,
2017/7/28,55
2017/7/27,
2017/7/26,
2017/7/25,
2017/7/24,36
2017/7/23,47
2017/7/22,27
2017/7/21,44
2017/7/20,38
2017/7/19,40
2017/7/18,35
2017/7/17,
2017/7/16,
2017/7/15,
2017/7/14,
2017/7/13,
2017/7/12,18
2017/7/11,
2017/7/10,37
2017/7/9,37
2017/7/8,25
2017/7/7,47
2017/7/6,
2017/7/5,
2017/7/4,
2017/7/3,
2017/7/2,34
2017/7/1,25
2017/6/30,42
2017/6/29,46
2017/6/28,
2017/6/27,26
2017/6/26,50
2017/6/25,45
2017/6/24,33
2017/6/23,44
2017/6/22,
2017/6/21,38
2017/6/20,37
2017/6/19,46
2017/6/18,54
2017/6/17,41
2017/6/16,47
2017/6/15,49
2017/6/14,
2017/6/13,39
2017/6/12,46
2017/6/11,51
2017/6/10,26
2017/6/9,
2017/6/8,
2017/6/7,58
2017/6/6,49
2017/6/5,
2017/6/4,
2017/6/3,
2017/6/2,53
2017/6/1,51
2017/5/31,32
2017/5/30,39
2017/5/29,29
2017/5/28,47
2017/5/27,41
2017/5/26,47
2017/5/25,55
2017/5/24,
2017/5/23,40
2017/5/22,40
2017/5/21,60
2017/5/20,
2017/5/19,
2017/5/18,38
2017/5/17,36
2017/5/16,34
2017/5/15,43
2017/5/14,44
2017/5/13,33
2017/5/12,34
2017/5/11,37
2017/5/10,41
2017/5/9,36
2017/5/8,35
2017/5/7,
2017/5/6,39
2017/5/5,34
2017/5/4,36
2017/5/3,29
2017/5/2,29
2017/5/1,33
2017/4/30,30
2017/4/29,32
2017/4/28,35
2017/4/27,34
2017/4/26,31
2017/4/25,50
2017/4/24,
2017/4/23,62
2017/4/22,34
2017/4/21,52
2017/4/20,60
2017/4/19,48
2017/4/18,38
2017/4/17,37
2017/4/16,20
2017/4/15,49
2017/4/14,54
2017/4/13,56
2017/4/12,
2017/4/11,30
2017/4/10,44
2017/4/9,50
2017/4/8,
2017/4/7,
2017/4/6,47
2017/4/5,
2017/4/4,46
2017/4/3,
2017/4/2,
2017/4/1,
2017/3/31,46
2017/3/30,
2017/3/29,54
2017/3/28,50
2017/3/27,46
2017/3/26,49
2017/3/25,51
2017/3/24,37
2017/3/23,49
2017/3/22,50
2017/3/21,57
2017/3/20,29
2017/3/19,58
2017/3/18,
2017/3/17,54
2017/3/16,54
2017/3/15,53
2017/3/14,53
2017/3/13,42
2017/3/12,55
2017/3/11,
2017/3/10,59
2017/3/9,53
2017/3/8,
2017/3/7,35
2017/3/6,33
2017/3/5,53
2017/3/4,
2017/3/3,
2017/3/2,49
2017/3/1,30
2017/2/28,
2017/2/27,51
2017/2/26,53
2017/2/25,
2017/2/24,47
2017/2/23,56
2017/2/22,54
2017/2/21,33
2017/2/20,46
2017/2/19,44
2017/2/18,47
2017/2/17,35
2017/2/16,45
2017/2/15,49
2017/2/14,54
2017/2/13,27
2017/2/12,47
2017/2/11,
2017/2/10,49
2017/2/9,36
2017/2/8,28
2017/2/7,54
2017/2/6,42
2017/2/5,
2017/2/4,44
2017/2/3,39
2017/2/2,46
2017/2/1,41
2017/1/31,50
2017/1/30,34
2017/1/29,25
2017/1/28,
2017/1/27,
2017/1/26,
2017/1/25,
2017/1/24,
2017/1/23,43
2017/1/22,60
2017/1/21,63
2017/1/20,53
2017/1/19,52
2017/1/18,58
2017/1/17,37
2017/1/16,57
2017/1/15,65
2017/1/14,60
2017/1/13,60
2017/1/12,41
2017/1/11,22
2017/1/10,53
2017/1/9,52
2017/1/8,60
2017/1/7,60
2017/1/6,56
2017/1/5,26
2017/1/4,30
2017/1/3,53
2017/1/2,47
2017/1/1,60
2016/12/31,60
2016/12/30,49
2016/12/29,38
2016/12/28,44
2016/12/27,41
2016/12/26,56
2016/12/25,53
2016/12/24,
2016/12/23,39
2016/12/22,37
2016/12/21,39
2016/12/20,40
2016/12/19,27
2016/12/18,60
2016/12/17,57
2016/12/16,43
2016/12/15,67
2016/12/14,46
2016/12/13,34
2016/12/12,46
2016/12/11,60
2016/12/10,44
2016/12/9,50
2016/12/8,33
2016/12/7,40
2016/12/6,53
2016/12/5,55
2016/12/4,
2016/12/3,53
2016/12/2,74
2016/12/1,40
2016/11/30,55
2016/11/29,45
2016/11/28,45
2016/11/27,53
2016/11/26,
2016/11/25,53
2016/11/24,
2016/11/23,44
2016/11/22,145
2016/11/21,
2016/11/20,40
2016/11/19,
2016/11/18,32
2016/11/17,
2016/11/16,
2016/11/15,100
2016/11/14,34
2016/11/13,
2016/11/12,
2016/11/11,34
2016/11/10,47
2016/11/9,39
2016/11/8,94
2016/11/7,
2016/11/6,51
2016/11/5,
2016/11/4,46
2016/11/3,40
2016/11/2,50
2016/11/1,109
2016/10/31,26
2016/10/30,
2016/10/29,
2016/10/28,40
2016/10/27,54
2016/10/26,50
2016/10/25,41
2016/10/24,34
2016/10/23,86
2016/10/22,
2016/10/21,46
2016/10/20,39
2016/10/19,34
2016/10/18,98
2016/10/17,55
2016/10/16,53
2016/10/15,34
2016/10/14,43
2016/10/13,93
2016/10/12,77
2016/10/11,100
2016/10/10,46
2016/10/9,60
2016/10/8,
2016/10/7,51
2016/10/6,51
2016/10/5,
2016/10/4,52
2016/10/3,42
2016/10/2,27
2016/10/1,
2016/9/30,38
2016/9/29,50
2016/9/28,104
2016/9/27,65
2016/9/26,48
2016/9/25,
2016/9/24,
2016/9/23,
2016/9/22,
2016/9/21,48
2016/9/20,46
2016/9/19,
2016/9/18,
2016/9/17,
2016/9/16,60
2016/9/15,
2016/9/14,50
2016/9/13,51
2016/9/12,49
2016/9/11,
2016/9/10,
2016/9/9,52
2016/9/8,48
2016/9/7,37
2016/9/6,46
2016/9/5,49
2016/9/4,54
2016/9/3,
2016/9/2,35
2016/9/1,50
2016/8/31,48
2016/8/30,48
2016/8/29,48
2016/8/28,60
2016/8/27,
2016/8/26,
2016/8/25,41
2016/8/24,31
2016/8/23,52
2016/8/22,32
2016/8/21,
2016/8/20,
2016/8/19,
2016/8/18,32
2016/8/17,44
2016/8/16,36
2016/8/15,49
2016/8/14,
2016/8/13,57
2016/8/12,45
2016/8/11,55
2016/8/10,24
2016/8/9,49
2016/8/8,31
2016/8/7,60
2016/8/6,53
2016/8/5,50
2016/8/4,38
2016/8/3,39
2016/8/2,51
2016/8/1,51
2016/7/31,
2016/7/30,47
2016/7/29,48
2016/7/28,49
2016/7/27,
2016/7/26,
2016/7/25,
2016/7/24,
2016/7/23,
2016/7/22,
2016/7/21,
2016/7/20,50
2016/7/19,48
2016/7/18,52
2016/7/17,30
2016/7/16,36
2016/7/15,43
2016/7/14,34
2016/7/13,43
2016/7/12,49
2016/7/11,34
2016/7/10,60
2016/7/9,60
2016/7/8,60
2016/7/7,27
2016/7/6,30
2016/7/5,49
2016/7/4,93
2016/7/3,60
2016/7/2,28
2016/7/1,53
2016/6/30,62
2016/6/29,47
2016/6/28,64
2016/6/27,68
2016/6/26,27
2016/6/25,35
2016/6/24,85
2016/6/23,22
2016/6/22,56
2016/6/21,61
2016/6/20,65
2016/6/19,80
2016/6/18,68
2016/6/17,54
2016/6/16,54
2016/6/15,35
2016/6/14,49
2016/6/13,31
2016/6/12,17
2016/6/11,39
2016/6/10,60
2016/6/9,12
2016/6/8,51
2016/6/7,52
2016/6/6,42
2016/6/5,41
2016/6/4,30
2016/6/3,46
2016/6/2,51
2016/6/1,49
2016/5/31,50
2016/5/30,52
2016/5/29,92
2016/5/28,34
2016/5/27,52
2016/5/26,84
2016/5/25,57
2016/5/24,32
2016/5/23,50
2016/5/22,60
2016/5/21,
2016/5/20,16
2016/5/19,
2016/5/18,22
2016/5/17,35
2016/5/16,23
2016/5/15,29
2016/5/14,16
2016/5/13,33
2016/5/12,
2016/5/11,
2016/5/10,26
2016/5/9,22
2016/5/8,38
2016/5/7,34
2016/5/6,13
2016/5/5,32
2016/5/4,29
2016/5/3,27
2016/5/2,
2016/5/1,29
2016/4/30,27
2016/4/29,30
2016/4/28,23
2016/4/27,22
2016/4/26,
2016/4/25,50
2016/4/24,33
2016/4/23,37
2016/4/22,65
2016/4/21,23
2016/4/20,19
2016/4/19,15
2016/4/18,41
2016/4/17,49
2016/4/16,36
2016/4/15,52
2016/4/14,51
2016/4/13,30
2016/4/12,55
2016/4/11,64
2016/4/10,32
2016/4/9,39
2016/4/8,32
2016/4/7,25
2016/4/6,48
2016/4/5,60
2016/4/4,30
2016/4/3,
2016/4/2,
2016/4/1,
2016/3/31,
2016/3/30,
2016/3/29,
2016/3/28,19
2016/3/27,22
2016/3/26,35
2016/3/25,31
2016/3/24,36
2016/3/23,34
2016/3/22,22
2016/3/21,31
2016/3/20,31
2016/3/19,35
2016/3/18,44
2016/3/17,
2016/3/16,
2016/3/15,38
2016/3/14,
2016/3/13,45
2016/3/12,36
2016/3/11,27
2016/3/10,15
2016/3/9,31
2016/3/8,
2016/3/7,
2016/3/6,47
2016/3/5,38
2016/3/4,41
2016/3/3,
2016/3/2,33
2016/3/1,27
2016/2/29,29
2016/2/28,32
2016/2/27,28
2016/2/26,24
2016/2/25,39
2016/2/24,
2016/2/23,
2016/2/22,
2016/2/21,41
2016/2/20,38
2016/2/19,
2016/2/18,
2016/2/17,
2016/2/16,
2016/2/15,33
2016/2/14,40
2016/2/13,
2016/2/12,46
2016/2/11,
2016/2/10,
2016/2/9,
2016/2/8,45
2016/2/7,30
2016/2/6,
2016/2/5,
2016/2/4,30
2016/2/3,
2016/2/2,
2016/2/1,
2016/1/31,
2016/1/30,42
2016/1/29,33
2016/1/28,49
2016/1/27,
2016/1/26,30
2016/1/25,
2016/1/24,41
2016/1/23,32
2016/1/22,40
2016/1/21,
2016/1/20,17
2016/1/19,
2016/1/18,19
2016/1/17,19
2016/1/16,35
2016/1/15,40
2016/1/14,19
2016/1/13,
2016/1/12,21
2016/1/11,37
2016/1/10,44
2016/1/9,39
2016/1/8,30
2016/1/7,
2016/1/6,21
2016/1/5,
2016/1/4,
2016/1/3,
2016/1/2,16
2016/1/1,36
2015/12/31,
2015/12/30,36
2015/12/29,
2015/12/28,
2015/12/27,
2015/12/26,
2015/12/25,
2015/12/24,
2015/12/23,
2015/12/22,
2015/12/21,
2015/12/20,
2015/12/19,41
2015/12/18,
2015/12/17,26
2015/12/16,44
2015/12/15,
2015/12/14,
2015/12/13,
2015/12/12,
2015/12/11,41
2015/12/10,32
2015/12/9,23
2015/12/8,
2015/12/7,32
2015/12/6,31
2015/12/5,
2015/12/4,
2015/12/3,23
2015/12/2,26
2015/12/1,
2015/11/30,
2015/11/29,30
2015/11/28,
2015/11/27,
2015/11/26,25
2015/11/25,36
2015/11/24,
2015/11/23,
2015/11/22,
2015/11/21,52
2015/11/20,
2015/11/19,
2015/11/18,
2015/11/17,
2015/11/16,50
2015/11/15,60
2015/11/14,60
2015/11/13,58
2015/11/12,37
2015/11/11,
2015/11/10,
2015/11/9,
2015/11/8,60
2015/11/7,40
2015/11/6,51
2015/11/5,33
2015/11/4,35
2015/11/3,
2015/11/2,
2015/11/1,44
2015/10/31,33
2015/10/30,41
2015/10/29,51
2015/10/28,63
2015/10/27,55
2015/10/26,31
2015/10/25,60
2015/10/24,
2015/10/23,
2015/10/22,54
2015/10/21,46
2015/10/20,60
2015/10/19,56
2015/10/18,
2015/10/17,53
2015/10/16,64
2015/10/15,
2015/10/14,21
2015/10/13,
2015/10/12,
2015/10/11,30
2015/10/10,67
2015/10/9,
2015/10/8,
2015/10/7,25
2015/10/6,0
2015/10/5,32
2015/10/4,45
2015/10/3,50
2015/10/2,22
2015/10/1,70
2015/9/30,18
2015/9/29,0
2015/9/28,60
2015/9/27,0
2015/9/26,0
2015/9/25,38
2015/9/24,15
2015/9/23,22
2015/9/22,28
2015/9/21,19
2015/9/20,60
2015/9/19,43
2015/9/18,26
2015/9/17,85
2015/9/16,29
2015/9/15,53
2015/9/14,
2015/9/13,60
2015/9/12,60
2015/9/11,
2015/9/10,
2015/9/9,60
2015/9/8,
2015/9/7,63
2015/9/6,30
2015/9/5,56
2015/9/4,48
2015/9/3,51
2015/9/2,63
2015/9/1,
2015/8/31,
2015/8/30,
2015/8/29,60
2015/8/28,19
2015/8/27,28
2015/8/26,
2015/8/25,
2015/8/24,
2015/8/23,60
2015/8/22,40
2015/8/21,51
2015/8/20,30
2015/8/19,30
2015/8/18,26
2015/8/17,28
2015/8/16,
2015/8/15,60
2015/8/14,26
2015/8/13,
2015/8/12,30
2015/8/11,60
2015/8/10,
2015/8/9,50
2015/8/8,43
2015/8/7,41
2015/8/6,34
2015/8/5,32
2015/8/4,33
2015/8/3,
2015/8/2,55
2015/8/1,
2015/7/31,37
2015/7/30,
2015/7/29,
2015/7/28,60
2015/7/27,
2015/7/26,
2015/7/25,
2015/7/24,22
2015/7/23,60
2015/7/22,33
2015/7/21,20
2015/7/20,
2015/7/19,56
2015/7/18,30
2015/7/17,60
2015/7/16,47
2015/7/15,
2015/7/14,26
2015/7/13,29
2015/7/12,50
2015/7/11,
2015/7/10,
2015/7/9,60
2015/7/8,36
2015/7/7,47
2015/7/6,
2015/7/5,52
2015/7/4,
2015/7/3,
2015/7/2,42
2015/7/1,60
2015/6/30,
2015/6/29,60
2015/6/28,105
2015/6/27,40
2015/6/26,
2015/6/25,60
2015/6/24,
2015/6/23,
2015/6/22,
2015/6/21,50
2015/6/20,77
2015/6/19,
2015/6/18,60
2015/6/17,65
2015/6/16,40
2015/6/15,
2015/6/14,300
2015/6/13,300
2015/6/12,
2015/6/11,
2015/6/10,
2015/6/9,60
2015/6/8,60
2015/6/7,35
2015/6/6,
2015/6/5,32.8
2015/6/4,30.38181818
2015/6/3,27.96363636
2015/6/2,25.54545455
2015/6/1,23.12727273
2015/5/31,20.70909091
2015/5/30,18.29090909
2015/5/29,15.87272727
2015/5/28,13.45454545
2015/5/27,11.03636364
2015/5/26,
2015/5/25,4
2015/5/24,-19
2015/5/23,
2015/5/22,37
2015/5/21,
2015/5/20,78
2015/5/19,103
2015/5/18,
2015/5/17,
2015/5/16,
2015/5/15,
2015/5/14,
2015/5/13,
2015/5/12,50
2015/5/11,
2015/5/10,36.6
2015/5/9,33.77142857
2015/5/8,30.94285714
2015/5/7,28.11428571
2015/5/6,25.28571429
2015/5/5,22.45714286
2015/5/4,
2015/5/3,46.5
2015/5/2,46.85714286
2015/5/1,47.21428571
2015/4/30,47.57142857
2015/4/29,47.92857143
2015/4/28,48.28571429
2015/4/27,48.64285714
2015/4/26,49
2015/4/25,49.35714286
2015/4/24,49.71428571
2015/4/23,50.07142857
2015/4/22,50.42857143
2015/4/21,50.78571429
2015/4/20,
2015/4/19,
2015/4/18,
2015/4/17,45.1
2015/4/16,45.6
2015/4/15,46.1
2015/4/14,46.6
2015/4/13,47.1
2015/4/12,
2015/4/11,37
2015/4/10,
2015/4/9,25.5
2015/4/8,16
2015/4/7,65
2015/4/6,30
2015/4/5,
2015/4/4,
2015/4/3,41
2015/4/2,
2015/4/1,
2015/3/31,
2015/3/30,64.9
2015/3/29,71.6
2015/3/28,78.3
2015/3/27,85
2015/3/26,91.7
2015/3/25,
2015/3/24,54.73684211
2015/3/23,55.48796992
2015/3/22,56.23909774
2015/3/21,56.99022556
2015/3/20,57.74135338
2015/3/19,58.4924812
2015/3/18,59.24360902
2015/3/17,59.99473684
2015/3/16,60.74586466
2015/3/15,61.49699248
2015/3/14,62.2481203
2015/3/13,62.99924812
2015/3/12,63.75037594
2015/3/11,64.50150376
2015/3/10,65.25263158
2015/3/9,66.0037594
2015/3/8,66.75488722
2015/3/7,67.50601504
2015/3/6,68.25714286
2015/3/5,69.00827068
2015/3/4,
2015/3/3,
2015/3/2,48
2015/3/1,48.5
2015/2/28,49
2015/2/27,49.5
2015/2/26,
2015/2/25,57.5
2015/2/24,66
2015/2/23,74.5
2015/2/22,83
2015/2/21,
2015/2/20,43
2015/2/19,
2015/2/18,
2015/2/17,48
2015/2/16,
2015/2/15,
2015/2/14,35.3
2015/2/13,33.8
2015/2/12,32.3
2015/2/11,30.8
2015/2/10,29.3
2015/2/9,
2015/2/8,
2015/2/7,
2015/2/6,53
2015/2/5,
2015/2/4,45
2015/2/3,
2015/2/2,46
2015/2/1,
2015/1/31,38
2015/1/30,
2015/1/29,39
2015/1/28,
2015/1/27,
2015/1/26,
2015/1/25,32
2015/1/24,33
2015/1/23,
2015/1/22,
2015/1/21,22
2015/1/20,
2015/1/19,
2015/1/18,48
2015/1/17,
2015/1/16,36
2015/1/15,
2015/1/14,52
2015/1/13,53
2015/1/12,
2015/1/11,
2015/1/10,46
2015/1/9,54
2015/1/8,
2015/1/7,
2015/1/6,52
2015/1/5,
2015/1/4,
2015/1/3,
2015/1/2,55
2015/1/1,
2014/12/31,
2014/12/30,
2014/12/29,
2014/12/28,36
2014/12/27,
2014/12/26,63.5
2014/12/25,67.2
2014/12/24,70.9
2014/12/23,74.6
2014/12/22,
2014/12/21,
2014/12/20,
2014/12/19,38
2014/12/18,
2014/12/17,
2014/12/16,
2014/12/15,
2014/12/14,
2014/12/13,
2014/12/12,41
2014/12/11,
2014/12/10,31
2014/12/9,
2014/12/8,50
2014/12/7,
2014/12/6,77
2014/12/5,94
2014/12/4,
2014/12/3,93
2014/12/2,94
2014/12/1,96.13929314
2014/11/30,97.58518437
2014/11/29,99.03107561
2014/11/28,100.4769668
2014/11/27,101.9228581
2014/11/26,103.3687493
2014/11/25,104.8146406
2014/11/24,106.2605318
2014/11/23,107.706423
2014/11/22,109.1523143
2014/11/21,110.5982055
2014/11/20,112.0440967
2014/11/19,113.489988
2014/11/18,114.9358792
2014/11/17,116.3817704
2014/11/16,117.8276617
2014/11/15,119.2735529
2014/11/14,120.7194441
2014/11/13,122.1653354
2014/11/12,123.6112266
2014/11/11,125.0571178
2014/11/10,126
2014/11/9,127
2014/11/8,129
2014/11/7,130
2014/11/6,132
2014/11/5,133
2014/11/4,135
2014/11/3,136
2014/11/2,200
2014/11/1,360
2014/10/31,0
2014/10/30,42
2014/10/29,43
2014/10/28,45
2014/10/27,46
2014/10/26,
2014/10/25,
2014/10/24,20
2014/10/23,
2014/10/22,44
2014/10/21,56
2014/10/20,
2014/10/19,
2014/10/18,39
2014/10/17,35.5
2014/10/16,32
2014/10/15,
2014/10/14,
2014/10/13,29
2014/10/12,
2014/10/11,81
2014/10/10,112
2014/10/9,
2014/10/8,22
2014/10/7,11
2014/10/6,
2014/10/5,21
2014/10/4,16.4
2014/10/3,11.8
2014/10/2,7.2
2014/10/1,2.6
2014/9/30,
2014/9/29,15
2014/9/28,
2014/9/27,26
2014/9/26,24.5
2014/9/25,23
2014/9/24,
2014/9/23,12
2014/9/22,51
2014/9/21,
2014/9/20,78
2014/9/19,104
2014/9/18,
2014/9/17,
2014/9/16,
2014/9/15,
2014/9/14,38
2014/9/13,
2014/9/12,
2014/9/11,14
2014/9/10,47
2014/9/9,
2014/9/8,66
2014/9/7,
2014/9/6,32
2014/9/5,31
2014/9/4,30
2014/9/3,
2014/9/2,29
2014/9/1,
2014/8/31,56
2014/8/30,
2014/8/29,
2014/8/28,
2014/8/27,37.28571429
2014/8/26,37.07142857
2014/8/25,36.85714286
2014/8/24,36.64285714
2014/8/23,36.42857143
2014/8/22,36.21428571
2014/8/21,36
2014/8/20,
2014/8/19,
2014/8/18,
2014/8/17,
2014/8/16,
2014/8/15,19
2014/8/14,
2014/8/13,41
2014/8/12,42.8
2014/8/11,44.6
2014/8/10,46.4
2014/8/9,
2014/8/8,
2014/8/7,
2014/8/6,
2014/8/5,50
2014/8/4,55.3
2014/8/3,60.6
2014/8/2,65.9
2014/8/1,
2014/7/31,45.3
2014/7/30,47.2
2014/7/29,49.1
2014/7/28,51
2014/7/27,52.9
2014/7/26,
2014/7/25,51.42857143
2014/7/24,53.14285714
2014/7/23,54.85714286
2014/7/22,56.57142857
2014/7/21,58.28571429
2014/7/20,60
2014/7/19,61.71428571
2014/7/18,
2014/7/17,32
2014/7/16,28.6
2014/7/15,25.2
2014/7/14,21.8
2014/7/13,
2014/7/12,
2014/7/11,40
2014/7/10,31
2014/7/9,
2014/7/8,
2014/7/7,
2014/7/6,45.61111111
2014/7/5,45.97777778
2014/7/4,46.34444444
2014/7/3,46.71111111
2014/7/2,47.07777778
2014/7/1,47.44444444
2014/6/30,47.81111111
2014/6/29,48.17777778
2014/6/28,48.54444444
2014/6/27,
2014/6/26,66.66666667
2014/6/25,76.66666667
2014/6/24,86.66666667
2014/6/23,
2014/6/22,
2014/6/21,36.49090909
2014/6/20,36.34545455
2014/6/19,36.2
2014/6/18,36.05454545
2014/6/17,35.90909091
2014/6/16,35.76363636
2014/6/15,35.61818182
2014/6/14,35.47272727
2014/6/13,35.32727273
2014/6/12,35.18181818
2014/6/11,35.03636364
2014/6/10,
2014/6/9,36.96969697
2014/6/8,37.37529138
2014/6/7,37.78088578
2014/6/6,38.18648019
2014/6/5,38.59207459
2014/6/4,38.997669
2014/6/3,39.4032634
2014/6/2,39.80885781
2014/6/1,40.21445221
2014/5/31,40.62004662
2014/5/30,41.02564103
2014/5/29,41.43123543
2014/5/28,
2014/5/27,43.63636364
2014/5/26,43.18181818
2014/5/25,42.72727273
2014/5/24,42.27272727
2014/5/23,41.81818182
2014/5/22,41.36363636
2014/5/21,40.90909091
2014/5/20,40.45454545
2014/5/19,40
2014/5/18,39.54545455
2014/5/17,39.09090909
2014/5/16,
2014/5/15,61.33333333
2014/5/14,71.33333333
2014/5/13,81.33333333
2014/5/12,
2014/5/11,
2014/5/10,48
2014/5/9,
2014/5/8,47
2014/5/7,
2014/5/6,
2014/5/5,
2014/5/4,47
2014/5/3,
2014/5/2,46.49090909
2014/5/1,46.20909091
2014/4/30,45.92727273
2014/4/29,45.64545455
2014/4/28,45.36363636
2014/4/27,45.08181818
2014/4/26,44.8
2014/4/25,44.51818182
2014/4/24,44.23636364
2014/4/23,43.95454545
2014/4/22,43.67272727
2014/4/21,
2014/4/20,48.73333333
2014/4/19,47.84761905
2014/4/18,46.96190476
2014/4/17,46.07619048
2014/4/16,45.19047619
2014/4/15,44.3047619
2014/4/14,
2014/4/13,47
2014/4/12,41
2014/4/11,
2014/4/10,58.33333333
2014/4/9,67.33333333
2014/4/8,76.33333333
2014/4/7,
2014/4/6,
2014/4/5,11
2014/4/4,8
2014/4/3,
2014/4/2,55
2014/4/1,57
2014/3/31,
2014/3/30,40.76923077
2014/3/29,40.17582418
2014/3/28,39.58241758
2014/3/27,38.98901099
2014/3/26,38.3956044
2014/3/25,37.8021978
2014/3/24,37.20879121
2014/3/23,36.61538462
2014/3/22,36.02197802
2014/3/21,35.42857143
2014/3/20,34.83516484
2014/3/19,34.24175824
2014/3/18,33.64835165
2014/3/17,
2014/3/16,43
2014/3/15,43.4
2014/3/14,43.8
2014/3/13,44.2
2014/3/12,44.6
2014/3/11,
2014/3/10,30.85714286
2014/3/9,28.60714286
2014/3/8,26.35714286
2014/3/7,24.10714286
2014/3/6,21.85714286
2014/3/5,19.60714286
2014/3/4,17.35714286
2014/3/3,
2014/3/2,
2014/3/1,
2014/2/28,
2014/2/27,
2014/2/26,46.53793103
2014/2/25,46.29521691
2014/2/24,46.05250278
2014/2/23,45.80978865
2014/2/22,45.56707453
2014/2/21,45.3243604
2014/2/20,45.08164627
2014/2/19,44.83893215
2014/2/18,44.59621802
2014/2/17,44.35350389
2014/2/16,44.11078977
2014/2/15,43.86807564
2014/2/14,43.62536151
2014/2/13,43.38264739
2014/2/12,43.13993326
2014/2/11,42.89721913
2014/2/10,42.65450501
2014/2/9,42.41179088
2014/2/8,42.16907675
2014/2/7,41.92636263
2014/2/6,41.6836485
2014/2/5,41.44093437
2014/2/4,41.19822024
2014/2/3,40.95550612
2014/2/2,40.71279199
2014/2/1,40.47007786
2014/1/31,40.22736374
2014/1/30,39.98464961
2014/1/29,39.74193548
2014/1/28,39.49922136
2014/1/27,
2014/1/26,50.52631579
2014/1/25,51
2014/1/24,51.47368421
2014/1/23,51.94736842
2014/1/22,52.42105263
2014/1/21,52.89473684
2014/1/20,53.36842105
2014/1/19,53.84210526
2014/1/18,54.31578947
2014/1/17,54.78947368
2014/1/16,55.26315789
2014/1/15,55.73684211
2014/1/14,56.21052632
2014/1/13,56.68421053
2014/1/12,57.15789474
2014/1/11,57.63157895
2014/1/10,58.10526316
2014/1/9,58.57894737
2014/1/8,59.05263158
2014/1/7,
2014/1/6,44.57142857
2014/1/5,42.67857143
2014/1/4,40.78571429
2014/1/3,38.89285714
2014/1/2,37
2014/1/1,35.10714286
2013/12/31,33.21428571
2013/12/30,
2013/12/29,54
2013/12/28,
2013/12/27,246
2013/12/26,347
2013/12/25,
2013/12/24,41
2013/12/23,
2013/12/22,33
2013/12/21,
2013/12/20,
2013/12/19,32
2013/12/18,98
2013/12/17,
2013/12/16,
2013/12/15,96.5
2013/12/14,113.7
2013/12/13,130.9
2013/12/12,148.1
2013/12/11,
2013/12/10,52
2013/12/9,
2013/12/8,62.9
2013/12/7,65.8
2013/12/6,68.7
2013/12/5,71.6
2013/12/4,74.5
2013/12/3,
2013/12/2,
2013/12/1,66.93333333
2013/11/30,71.53333333
2013/11/29,76.13333333
2013/11/28,80.73333333
2013/11/27,85.33333333
2013/11/26,89.93333333
2013/11/25,
2013/11/24,74.69230769
2013/11/23,76.81318681
2013/11/22,78.93406593
2013/11/21,81.05494505
2013/11/20,83.17582418
2013/11/19,85.2967033
2013/11/18,87.41758242
2013/11/17,89.53846154
2013/11/16,91.65934066
2013/11/15,93.78021978
2013/11/14,95.9010989
2013/11/13,98.02197802
2013/11/12,100.1428571
2013/11/11,
2013/11/10,51
2013/11/9,51
2013/11/8,
2013/11/7,15.33333333
2013/11/6,2.833333333
2013/11/5,9
2013/11/4,
2013/11/3,71.5
2013/11/2,75
2013/11/1,78.5
2013/10/31,82
2013/10/30,85.5
2013/10/29,
2013/10/28,
2013/10/27,
2013/10/26,
2013/10/25,44
2013/10/24,42
2013/10/23,
2013/10/22,
2013/10/21,
2013/10/20,61
2013/10/19,
2013/10/18,49
2013/10/17,48.5
2013/10/16,48
2013/10/15,
2013/10/14,
2013/10/13,49.86666667
2013/10/12,50.4952381
2013/10/11,51.12380952
2013/10/10,51.75238095
2013/10/9,52.38095238
2013/10/8,53.00952381
2013/10/7,
2013/10/6,60.06666667
2013/10/5,63.46666667
2013/10/4,66.86666667
2013/10/3,70.26666667
2013/10/2,73.66666667
2013/10/1,77.06666667
2013/9/30,
2013/9/29,
2013/9/28,37.5
2013/9/27,36.9
2013/9/26,36.3
2013/9/25,35.7
2013/9/24,
2013/9/23,
2013/9/22,
2013/9/21,51
2013/9/20,55.3
2013/9/19,59.6
2013/9/18,63.9
2013/9/17,
2013/9/16,46.23076923
2013/9/15,46.20879121
2013/9/14,46.18681319
2013/9/13,46.16483516
2013/9/12,46.14285714
2013/9/11,46.12087912
2013/9/10,46.0989011
2013/9/9,46.07692308
2013/9/8,46.05494505
2013/9/7,46.03296703
2013/9/6,46.01098901
2013/9/5,45.98901099
2013/9/4,45.96703297
2013/9/3,
2013/9/2,50
2013/9/1,51
2013/8/31,52
2013/8/30,
2013/8/29,
2013/8/28,
2013/8/27,
2013/8/26,
2013/8/25,
2013/8/24,
2013/8/23,51.79661017
2013/8/22,51.88010558
2013/8/21,51.963601
2013/8/20,52.04709642
2013/8/19,52.13059183
2013/8/18,52.21408725
2013/8/17,52.29758266
2013/8/16,52.38107808
2013/8/15,52.46457349
2013/8/14,52.54806891
2013/8/13,52.63156432
2013/8/12,52.71505974
2013/8/11,52.79855515
2013/8/10,52.88205057
2013/8/9,52.96554598
2013/8/8,53.0490414
2013/8/7,53.13253682
2013/8/6,53.21603223
2013/8/5,53.29952765
2013/8/4,53.38302306
2013/8/3,53.46651848
2013/8/2,53.55001389
2013/8/1,53.63350931
2013/7/31,53.71700472
2013/7/30,53.80050014
2013/7/29,53.88399555
2013/7/28,53.96749097
2013/7/27,54.05098639
2013/7/26,54.1344818
2013/7/25,54.21797722
2013/7/24,54.30147263
2013/7/23,54.38496805
2013/7/22,54.46846346
2013/7/21,54.55195888
2013/7/20,54.63545429
2013/7/19,54.71894971
2013/7/18,54.80244512
2013/7/17,54.88594054
2013/7/16,54.96943595
2013/7/15,55.05293137
2013/7/14,55.13642679
2013/7/13,55.2199222
2013/7/12,55.30341762
2013/7/11,55.38691303
2013/7/10,55.47040845
2013/7/9,55.55390386
2013/7/8,55.63739928
2013/7/7,55.72089469
2013/7/6,55.80439011
2013/7/5,55.88788552
2013/7/4,55.97138094
2013/7/3,56.05487635
2013/7/2,56.13837177
2013/7/1,56.22186719
2013/6/30,56.3053626
2013/6/29,56.38885802
2013/6/28,56.47235343
2013/6/27,56.55584885
2013/6/26,56.63934426
2013/6/25,56.72283968
2013/6/24,
2013/6/23,17
2013/6/22,
2013/6/21,26.73333333
2013/6/20,26.84761905
2013/6/19,26.96190476
2013/6/18,27.07619048
2013/6/17,27.19047619
2013/6/16,27.3047619
2013/6/15,
2013/6/14,
2013/6/13,27.78571429
2013/6/12,27.82142857
2013/6/11,27.85714286
2013/6/10,27.89285714
2013/6/9,27.92857143
2013/6/8,27.96428571
2013/6/7,28
2013/6/6,28.03571429
2013/6/5,
2013/6/4,20.8
2013/6/3,19
2013/6/2,17.2
2013/6/1,15.4
2013/5/31,13.6
2013/5/30,
2013/5/29,42.49350649
2013/5/28,42.68661773
2013/5/27,42.87972897
2013/5/26,43.0728402
2013/5/25,43.26595144
2013/5/24,43.45906268
2013/5/23,43.65217391
2013/5/22,43.84528515
2013/5/21,44.03839639
2013/5/20,44.23150762
2013/5/19,44.42461886
2013/5/18,44.6177301
2013/5/17,44.81084133
2013/5/16,45.00395257
2013/5/15,45.19706381
2013/5/14,45.39017504
2013/5/13,45.58328628
2013/5/12,45.77639752
2013/5/11,45.96950875
2013/5/10,46.16261999
2013/5/9,46.35573123
2013/5/8,46.54884246
2013/5/7,
2013/5/6,
2013/5/5,
2013/5/4,
2013/5/3,
2013/5/2,
2013/5/1,39.14545455
2013/4/30,40.51818182
2013/4/29,41.89090909
2013/4/28,43.26363636
2013/4/27,44.63636364
2013/4/26,46.00909091
2013/4/25,47.38181818
2013/4/24,48.75454545
2013/4/23,50.12727273
2013/4/22,51.5
2013/4/21,52.87272727
2013/4/20,
2013/4/19,
2013/4/18,39
2013/4/17,
2013/4/16,16.1
2013/4/15,11.2
2013/4/14,63
2013/4/13,14
2013/4/12,
2013/4/11,
2013/4/10,
2013/4/9,36
2013/4/8,33
2013/4/7,30
2013/4/6,
2013/4/5,31.85714286
2013/4/4,32.25
2013/4/3,32.64285714
2013/4/2,33.03571429
2013/4/1,33.42857143
2013/3/31,33.82142857
2013/3/30,34.21428571
2013/3/29,
2013/3/28,
2013/3/27,
2013/3/26,35
2013/3/25,32
2013/3/24,
2013/3/23,
2013/3/22,
2013/3/21,
2013/3/20,47
2013/3/19,54
2013/3/18,
2013/3/17,47
2013/3/16,
2013/3/15,
2013/3/14,
2013/3/13,15
2013/3/12,0
2013/3/11,
2013/3/10,
2013/3/9,31
2013/3/8,
2013/3/7,
2013/3/6,
2013/3/5,
2013/3/4,48.33333333
2013/3/3,51.83333333
2013/3/2,55.33333333
2013/3/1,
2013/2/28,31
2013/2/27,
2013/2/26,36.66666667
2013/2/25,36.16666667
2013/2/24,35.66666667
2013/2/23,
2013/2/22,18
2013/2/21,
2013/2/20,32.7
2013/2/19,34.8
2013/2/18,36.9
2013/2/17,39
2013/2/16,41.1
2013/2/15,
2013/2/14,40.2
2013/2/13,42.2
2013/2/12,44.2
2013/2/11,46.2
2013/2/10,48.2
2013/2/9,
2013/2/8,22
2013/2/7,
2013/2/6,
2013/2/5,
2013/2/4,56
2013/2/3,76
2013/2/2,
2013/2/1,37
2013/1/31,
2013/1/30,
2013/1/29,
2013/1/28,
2013/1/27,
2013/1/26,
2013/1/25,
2013/1/24,
2013/1/23,
2013/1/22,
2013/1/21,42
2013/1/20,
2013/1/19,62
2013/1/18,80
2013/1/17,
2013/1/16,
2013/1/15,
2013/1/14,
2013/1/13,14
2013/1/12,5
2013/1/11,4
2013/1/10,
2013/1/9,30
2013/1/8,29
2013/1/7,
2013/1/6,
2013/1/5,29
2013/1/4,32
2013/1/3,
2013/1/2,
2013/1/1,31
2012/12/31,
2012/12/30,
2012/12/29,47
2012/12/28,58
2012/12/27,
2012/12/26,
2012/12/25,
2012/12/24,53
2012/12/23,
2012/12/22,
2012/12/21,
2012/12/20,
2012/12/19,44.6
2012/12/18,41.8
2012/12/17,39
2012/12/16,36.2
2012/12/15,33.4
2012/12/14,
2012/12/13,
2012/12/12,
2012/12/11,26.7
2012/12/10,21
2012/12/9,15.3
2012/12/8,9.6
2012/12/7,3.9
2012/12/6,
2012/12/5,
2012/12/4,55.60714286
2012/12/3,57.46428571
2012/12/2,59.32142857
2012/12/1,61.17857143
2012/11/30,63.03571429
2012/11/29,64.89285714
2012/11/28,66.75
2012/11/27,68.60714286
2012/11/26,
2012/11/25,
2012/11/24,59
2012/11/23,61
2012/11/22,63
2012/11/21,65
2012/11/20,
2012/11/19,75
2012/11/18,86
2012/11/17,
2012/11/16,22
2012/11/15,
2012/11/14,
2012/11/13,104
2012/11/12,141
2012/11/11,
2012/11/10,
2012/11/9,42.85770751
2012/11/8,43.74802372
2012/11/7,44.63833992
2012/11/6,45.52865613
2012/11/5,46.41897233
2012/11/4,47.30928854
2012/11/3,48.19960474
2012/11/2,49.08992095
2012/11/1,49.98023715
2012/10/31,50.87055336
2012/10/30,51.76086957
2012/10/29,52.65118577
2012/10/28,53.54150198
2012/10/27,54.43181818
2012/10/26,55.32213439
2012/10/25,56.21245059
2012/10/24,57.1027668
2012/10/23,57.993083
2012/10/22,58.88339921
2012/10/21,59.77371542
2012/10/20,60.66403162
2012/10/19,61.55434783
2012/10/18,62.44466403
2012/10/17,
2012/10/16,60
2012/10/15,60
2012/10/14,
2012/10/13,
2012/10/12,61
2012/10/11,
2012/10/10,57.33333333
2012/10/9,58.9047619
2012/10/8,60.47619048
2012/10/7,62.04761905
2012/10/6,63.61904762
2012/10/5,65.19047619
2012/10/4,
2012/10/3,
